id,fullname,job,gender,city,salary,birthday
1,Jose Tebbe,engineer,Male,San Jose,2817,1963-10-11
2,Shepherd Ibberson,artist,Male,New York,1451,1977-04-14
3,Colas Dubois,architect,Male,Houston,4947,1984-11-28
4,Latrina Mobberley,musician,Female,Phoenix,1352,1964-01-15
5,Dorrie Mazdon,architect,Female,Houston,8954,1965-08-20
6,Nikola Trenbey,writer,Male,New York,2940,1983-08-14
7,Raleigh Boothby,architect,Male,Los Angeles,1589,1977-09-25
8,Lizabeth Kellaway,teacher,Female,Dallas,2837,1970-06-03
9,Gigi Becraft,doctor,Female,San Antonio,7503,1977-04-02
10,Allsun McGeoch,chef,Female,Dallas,1691,1993-11-03
11,Chandal Brisset,scientist,Female,Phoenix,5823,1986-09-06
12,Valdemar Pettecrew,teacher,Male,Los Angeles,1352,1989-11-04
13,Sid McCloughlin,doctor,Male,Phoenix,7084,2000-03-24
14,Kandy Bromley,athlete,Female,San Antonio,3341,1964-12-25
15,Guillaume Benninck,athlete,Male,Phoenix,6718,1977-08-27
16,Eydie Falck,scientist,Female,Los Angeles,5035,1979-03-20
17,Jervis Evangelinos,scientist,Male,San Diego,5795,1980-04-21
18,Nicol Rawstorn,scientist,Male,New York,5638,1980-11-30
19,Gabbey Vida,teacher,Female,Los Angeles,1762,1978-10-02
20,Onofredo Smitheram,scientist,Male,San Jose,4468,1976-01-25
21,Olenolin Deners,musician,Male,Houston,8989,1995-07-14
22,Standford Lynde,architect,Male,San Diego,6321,1996-07-27
23,Sandie Mc Pake,doctor,Female,Dallas,3147,1994-09-19
24,Free MacKeller,architect,Male,San Antonio,7192,1993-03-29
25,Cami Price,architect,Female,San Jose,3346,1967-07-29
26,Welsh Ruggieri,teacher,Male,Houston,6177,1994-01-01
27,Mano Verna,athlete,Male,New York,2424,1993-02-01
28,Alia Richie,writer,Female,Philadelphia,6431,1967-08-27
29,Mair Wetherburn,chef,Female,San Jose,5954,1981-08-02
30,Ediva Pudan,musician,Female,New York,6947,1982-09-05
31,Corliss Larenson,doctor,Female,New York,4875,1969-11-14
32,Siward Marnes,teacher,Male,San Antonio,7763,1961-02-05
33,Maryrose Fairbank,chef,Female,Philadelphia,5971,1994-12-09
34,Dre Steenson,architect,Female,Dallas,8927,1982-04-09
35,De witt Luxmoore,writer,Male,Los Angeles,9080,1970-01-17
36,Dianemarie Klein,teacher,Female,Houston,3572,1984-11-22
37,Rickert Fanti,scientist,Male,Chicago,5589,1985-08-25
38,Rafferty Williams,teacher,Male,San Jose,5222,1964-12-23
39,Carline Gough,athlete,Female,San Antonio,1882,1965-04-14
40,Darrick Tulk,musician,Male,Phoenix,7198,1978-12-20
41,Langston Huggins,athlete,Male,Houston,3386,1976-09-19
42,Maynard Greenard,artist,Male,Los Angeles,3968,1987-09-11
43,Vonnie Napleton,scientist,Female,San Diego,8666,1980-08-15
44,Chen Neary,musician,Male,New York,7966,1987-12-26
45,Gloriana Domokos,artist,Female,San Diego,4508,1970-11-11
46,Margalo Laddle,engineer,Female,New York,4126,1985-12-21
47,Desmund Humphris,engineer,Male,San Antonio,2552,1968-07-12
48,Ardelis Duplan,writer,Female,Dallas,9282,1977-06-24
49,Gelya Filyushkin,doctor,Female,Houston,6955,1998-05-03
50,Terri-jo Ferrieres,teacher,Female,Phoenix,5926,1964-06-20
51,Rhiamon Brodeau,scientist,Female,Houston,1777,1983-05-28
52,Roma Howsin,engineer,Male,San Antonio,1710,1966-02-20
53,Chilton Mills,engineer,Male,Los Angeles,6249,1983-05-29
54,Barnabe Ottam,writer,Male,San Jose,9037,1977-05-19
55,Kendra Grayling,writer,Female,Philadelphia,8992,1992-03-09
56,Carmon Dufer,doctor,Female,San Diego,4489,1976-06-07
57,Dacy Geydon,athlete,Female,San Antonio,4785,1962-10-11
58,Antin Chedzoy,athlete,Male,San Antonio,8949,1975-02-28
59,Jessamyn Stedson,writer,Female,New York,8787,1972-04-26
60,Randie Quemby,artist,Female,San Antonio,4200,1987-09-19
61,Lanna Poynor,musician,Female,New York,7664,1992-04-29
62,Ambrosio Alster,athlete,Male,Philadelphia,3417,1979-03-05
63,Morris Enrdigo,artist,Male,Philadelphia,1985,1963-02-17
64,Goddart Charity,architect,Male,New York,6057,1990-11-18
65,Marcelo Farey,writer,Male,Houston,4994,1986-08-11
66,Ber Haselden,chef,Male,Chicago,7846,2000-05-14
67,Terrence Dubois,artist,Male,San Jose,6620,1982-01-14
68,Pascal Tunnock,teacher,Male,Houston,3753,1972-05-25
69,Amata Maylor,engineer,Female,Chicago,5582,1986-12-01
70,Olag Volker,musician,Male,San Jose,8697,1966-05-06
71,Alli Orrick,chef,Female,Dallas,7043,1999-03-14
72,Josephina Quan,athlete,Female,San Antonio,7644,1968-12-26
73,Fin Yuryichev,artist,Male,San Diego,4412,1984-03-07
74,Evvie Presley,chef,Female,Los Angeles,6948,1975-02-08
75,Eadie Battie,artist,Female,Phoenix,1259,1968-11-10
76,Arman Bogace,writer,Male,Chicago,3576,1967-03-03
77,Gertruda Rulton,chef,Female,Houston,7361,1973-01-24
78,Guido Ripping,athlete,Male,Philadelphia,9677,1978-08-10
79,Philis Dello,engineer,Female,San Diego,1771,1983-07-04
80,Maynord Zealey,architect,Male,San Antonio,6433,1970-02-05
81,Gray Guerro,writer,Male,San Jose,9140,1964-07-16
82,Steven Grivori,chef,Male,Dallas,6743,1984-08-30
83,Remington Aldin,artist,Male,Philadelphia,7073,1964-05-12
84,Aurel Lagden,architect,Female,Los Angeles,5462,2000-01-22
85,Isador Dyerson,engineer,Male,San Jose,2425,1980-03-05
86,Martita Pote,writer,Female,Dallas,8960,1970-07-16
87,Ettie Keer,scientist,Female,Los Angeles,6358,2000-07-21
88,Vernor Goadby,engineer,Male,Chicago,9812,1982-06-29
89,Darlleen Catterell,engineer,Female,San Diego,9761,1989-01-14
90,Rosalie McIlmurray,scientist,Female,San Diego,4837,1960-12-28
91,Gabriel Ibell,doctor,Male,San Diego,3073,1962-12-28
92,Brendan Larrad,chef,Male,Houston,1718,1968-10-10
93,Elbertina Gennrich,writer,Female,Houston,2778,1967-03-26
94,Leyla Toy,doctor,Female,Chicago,1257,1982-03-29
95,Hetty Whylie,chef,Female,New York,5230,1993-04-16
96,Dud Daile,athlete,Male,San Antonio,7808,1976-05-25
97,Kingsly Senecaut,doctor,Male,San Diego,5565,1975-04-28
98,Adriane Meaton,artist,Female,San Diego,4315,1991-02-08
99,Yardley Danilenko,musician,Male,Dallas,3022,1988-05-22
100,Nye Fillingham,musician,Male,Phoenix,2400,1970-05-04
101,Ganny Kilgrove,engineer,Male,New York,7157,1993-07-02
102,Cornela Richardon,writer,Female,New York,7229,1963-11-01
103,Nell Hudel,athlete,Female,San Diego,5988,1961-07-30
104,Chandler Baskwell,writer,Male,Philadelphia,4637,1964-02-28
105,Stanwood Merigon,artist,Male,Dallas,1467,1988-06-30
106,Jim Ferrero,doctor,Male,Houston,4079,1988-08-20
107,Conroy Georgius,doctor,Male,Houston,5466,1986-12-12
108,Johnna Kerins,chef,Female,San Jose,8809,1976-12-08
109,Brad Torrisi,athlete,Male,New York,1525,1964-01-11
110,Lief Meech,architect,Male,Los Angeles,4892,1990-08-29
111,Zak Scoterbosh,athlete,Male,San Jose,9214,1961-07-05
112,Forester Fost,athlete,Male,Philadelphia,2641,1999-01-31
113,Cissiee Ollett,engineer,Female,Dallas,5512,1992-01-12
114,Appolonia Swanborrow,teacher,Female,San Jose,9645,1990-10-02
115,Bartie Fortun,musician,Male,Chicago,3203,1977-08-24
116,Bernardina Cush,engineer,Female,Chicago,6797,1962-09-06
117,Corrine Scuffham,engineer,Female,San Jose,9836,1981-07-08
118,Crissy Bosse,chef,Female,San Jose,1443,1996-04-13
119,Clifford Funnell,athlete,Male,San Antonio,1257,1974-07-20
120,Linnell Draysey,musician,Female,New York,4737,1993-05-26
121,Noam Farnorth,musician,Male,Chicago,3141,1965-01-28
122,Elita Chamney,scientist,Female,Houston,3459,1964-08-02
123,Chrissy Jumel,musician,Female,Los Angeles,2232,1963-11-22
124,Lorena Duffield,writer,Female,Los Angeles,9400,1977-04-28
125,Lise Quaife,teacher,Female,Houston,7520,1990-02-20
126,Roseanne Bess,athlete,Female,San Diego,9105,1989-01-28
127,Mario Vasenin,chef,Male,Phoenix,5747,1971-03-16
128,Shani Denniston,writer,Female,Chicago,9408,1996-10-02
129,Claudianus Brightman,doctor,Male,San Antonio,4533,1994-12-25
130,Skylar Clacey,writer,Male,Houston,4438,1971-02-09
131,Anna-maria Yeowell,doctor,Female,Los Angeles,2785,1974-12-06
132,Shelden Jaycock,athlete,Male,Houston,4835,1992-02-25
133,Northrop Burrill,musician,Male,New York,1916,1966-01-23
134,Mateo Southard,doctor,Male,Los Angeles,8126,1986-05-05
135,Sebastiano Goold,architect,Male,San Diego,8665,1963-07-11
136,Codi Burress,chef,Male,Los Angeles,8417,1992-09-15
137,Irvine Mynett,musician,Male,Dallas,9523,1998-07-18
138,Caryl Vanichev,musician,Male,Dallas,3261,1972-11-01
139,Lisabeth Terrell,musician,Female,San Diego,7233,1963-11-18
140,Sigmund Kingzet,architect,Male,Philadelphia,3893,1972-05-17
141,Briggs Edgecombe,scientist,Male,San Diego,5328,1972-04-04
142,Sherrie Vane,chef,Female,Philadelphia,5721,1968-05-13
143,Brander De Meyer,writer,Male,Chicago,2895,1991-08-21
144,Corey Segar,architect,Male,San Diego,7558,1999-03-25
145,Hyatt Duchesne,artist,Male,Chicago,5478,1988-02-16
146,Trstram Fellona,scientist,Male,San Diego,7137,1971-02-04
147,Karon Danielovitch,artist,Female,Los Angeles,6066,1996-10-04
148,Cyndie Fley,artist,Female,San Antonio,2956,1976-04-16
149,Fergus Chorley,writer,Male,Philadelphia,7490,1989-06-09
150,Rosemary Howorth,scientist,Female,San Diego,3848,1988-06-04
151,Druci Passion,engineer,Female,Chicago,9203,1961-10-13
152,Kristofor Pennings,artist,Male,San Diego,3498,1980-07-08
153,Bidget Grono,teacher,Female,San Diego,1377,1962-04-22
154,Tracie Slocket,architect,Male,San Jose,5653,1971-02-16
155,Cherilynn Segoe,writer,Female,San Diego,4108,1991-05-23
156,Deana Crank,chef,Female,Chicago,2272,1982-11-02
157,Lois Kem,athlete,Female,San Antonio,8446,1980-08-01
158,Lawrence Rymour,architect,Male,Houston,2298,1989-01-04
159,Tine Thowes,engineer,Female,San Antonio,7526,1974-01-19
160,Phebe Bowie,chef,Female,Philadelphia,7749,1969-09-19
161,Devon Bozworth,artist,Female,Dallas,9390,1994-06-22
162,Camala Barles,artist,Female,Phoenix,4347,1998-05-08
163,Fan Devo,chef,Female,Houston,3499,1964-12-20
164,Moore Briiginshaw,musician,Male,Los Angeles,8968,1974-03-04
165,Hildagarde Godlip,writer,Female,Houston,2360,1980-06-26
166,Jerrylee Watkinson,doctor,Female,Phoenix,4012,1994-07-26
167,Kacie Sibly,chef,Female,New York,2965,1995-11-22
168,Bondon Gorham,engineer,Male,Houston,4378,1980-02-16
169,Pembroke Cresar,athlete,Male,San Antonio,9793,1986-06-03
170,Rob Palser,architect,Male,San Antonio,5450,1976-12-20
171,Creigh Bowkett,writer,Male,San Jose,8328,1993-10-30
172,Simonette Recher,engineer,Female,Dallas,4829,1965-04-19
173,Alonso Pierucci,athlete,Male,New York,6587,1962-06-05
174,Bette Batterham,architect,Female,Chicago,8737,1975-08-10
175,Gideon Holt,doctor,Male,San Diego,9048,1977-06-13
176,Davey Hollyar,writer,Male,Dallas,1016,1966-08-15
177,Carmelle Coon,chef,Female,New York,1673,1967-07-21
178,Reube Jovicevic,doctor,Male,Chicago,1870,1963-06-25
179,Randolf Roach,writer,Male,San Diego,6574,1979-07-26
180,Eveleen Philippe,musician,Female,Chicago,4923,1984-07-18
181,Rubetta Lefever,athlete,Female,Philadelphia,8390,1970-09-22
182,Kenon Du Fray,architect,Male,Chicago,3931,1987-09-09
183,Murielle Dalwood,musician,Female,Houston,8556,1980-06-16
184,Lori McKall,doctor,Female,San Diego,8164,1978-06-11
185,Swen Pynner,doctor,Male,Phoenix,8045,1962-07-11
186,Bernadette Brisco,architect,Female,Phoenix,4681,1963-12-21
187,Shanon Widdocks,athlete,Female,San Jose,8198,1963-05-07
188,Osmond Murdy,scientist,Male,Houston,6158,1983-11-14
189,Vinni Tansill,athlete,Female,Dallas,1790,1972-01-30
190,Budd Fay,writer,Male,San Jose,5303,1989-05-02
191,Gay Mapp,musician,Female,New York,9762,1982-02-04
192,Jonis Woolvett,artist,Female,Dallas,4857,1996-11-19
193,Shea Sugge,chef,Male,San Jose,9654,1996-12-27
194,Wendye Skepper,writer,Female,San Jose,8328,1988-04-14
195,Mandel Castangia,architect,Male,New York,9667,1961-10-10
196,Chris Rennles,engineer,Female,San Antonio,3676,1966-09-02
197,Ashbey Philipsen,teacher,Male,Chicago,8707,1969-01-29
198,Melloney Mc Gorley,architect,Female,New York,8223,1965-01-27
199,Benedikt Myers,scientist,Male,Philadelphia,2113,1975-03-02
200,Alan Lukash,artist,Male,Philadelphia,9374,1986-07-26
